{"level": 33, "index": 280, "trained": [["Haus", "house | home | household | family | bod | cookie", 200.0, 3.3394428911766187], ["Schnecke", "snail | slug | gastropod | escargot | chick | worm", 220.0, 3.2262125348399495], ["ziehen", "pull | draw | tow | move | breed | raise", 138.0, 3.1619469704402827], ["Deutschland", "Germany", 230.0, 2.855165902549744], ["zeichnen", "draw | pencil | plot | sketch | represent | sign", 157.0, 2.844110833439115], ["Esel", "donkey | ass | cuddy | jackass | moke | neddy", 193.5, 2.666498909878953], ["Krankenhaus", "hospital | sickhouse | infirmary", 156.1, 2.658981926895021], ["Katze", "cat | queen | she-cat | pussy | feline | purse", 162.0, 2.636535380484668], ["schr\u00e4g", "oblique | aslant | skew | crooked | obliquely | bent", 131.5, 2.616211685750333], ["Land", "country | land | countryside | earth | soil | real estate", 165.4, 2.5796127948331944], ["Luxemburg", "Luxembourg", 171.0, 2.520196148469459], ["Wasserstoff", "hydrogen", 183.6, 2.5186881117597193], ["Wasser", "water", 180.0, 2.5027725243307763], ["Frau", "woman | wife | Mrs. | spouse | Mrs", 178.6, 2.4764862844517794], ["Feder", "feather | spring | quill | plume | pen | nib", 200.0, 2.4663824384965247], ["essen", "eat", 179.6, 2.449040016334521], ["Kaulquappe", "tadpole | polliwog | pollywog | purwiggy | porriwiggle | porwiggle", 173.5, 2.447636382166225], ["Schweiz", "Switzerland", 212.1, 2.431256783441978], ["\u00d6sterreich", "Austria", 210.0, 2.409413451715521], ["Stein", "stone | rock | boulder | brick | jewel", 183.5, 2.318525239247761], ["schwimmen", "swim | float | go | bathe | convey by water | wallow", 215.0, 2.3047441037772187], ["Arbeit", "work | labour | job | labor | employment | business", 168.6, 2.3014148227334092], ["verstehen", "understand | comprehend | apprehend | interpret | mean | know", 157.2, 2.299001963997826], ["fiebrig", "feverish | feverous", 122.6, 2.2852904302215795], ["Schwester", "sister | nurse | sis", 190.0, 2.283306781934153], ["Februar", "February", 168.2, 2.276045005162638], ["umgangssprachlich", "colloquial | colloquially | demotic | nonstandard", 123.5, 2.246893495535136], ["gehen", "go | walk | leave | work | last | operable", 167.79999999999998, 2.237369663699012], ["Hebamme", "midwife | accoucheuse | accoucheur | man-midwife", 135.5, 2.2228809110031302], ["Zimt", "cinnamon | caboodle | stuff | jewellery | jewelry | balderdash", 188.5, 2.2201084435136864], ["Mann", "man | husband | spouse | men | God | oh boy", 146.6, 2.215619134231616], ["sein", "be | his | its | exist | have", 202.5, 2.2040536526961523], ["M\u00f6we", "gull | seagull | mew | cob | cobb", 191.0, 2.1976038956914206], ["Sprache", "language | speech | tongue", 207.5, 2.196791875924638], ["Januar", "January", 156.89999999999998, 2.169554412890266], ["Keks", "biscuit | cookie | bullshit | biccie | biccy | bickie", 161.1, 2.166155530152161], ["Wein", "wine | grape | vine | raisin", 190.0, 2.1629654524969433], ["Freitag", "Friday | day off | day of leave | layoff day | leisure day | rest day", 220.0, 2.1551468621710628], ["Welt", "world | Earth | World", 180.0, 2.1513419695495664], ["amtlich", "official", 104.39999999999999, 2.1391964738949723], ["Feuer", "fire", 211.0, 2.030095818086513], ["Vogel", "bird | fowl", 184.5, 2.029040192389695], ["Weg", "way | route | track | path | method", 131.2, 2.0277409607628427], ["Vater", "father | dad | daddy", 193.5, 2.021442007429085], ["Erde", "soil | earth | ground | floor | life on earth | this life", 142.5, 2.019678764506928], ["Ei", "egg | ovum | currency | oval | oval ball | balls", 202.0, 2.019620763095015], ["wissenschaftlich", "scientific", 161.1, 2.0032991657826806], ["Flusspferd", "hippopotamus | hippo | river horse | riverhorse", 120.6, 2.0027075513811674], ["kleiner Finger", "pinky | little finger | pinkie | pinky finger | auricular | auricular finger", 135.5, 1.9936709314051133], ["schnell", "fast | quick | rapid | swift | just", 133.99999999999997, 1.9907824610918432], ["Geschichte", "history | story | tale | concern", 205.0, 1.985086722441981], ["Auto", "car | motor car | auto | toy car | order | resolution", 157.29999999999998, 1.984425506346172], ["ich", "I | me", 190.2, 1.9834858834731808], ["Zeit", "time | tide | tense", 198.6, 1.9811194258671276], ["Strand", "beach | strand | shore", 169.5, 1.976073303030692], ["Bauer", "pawn | farmer | peasant | cage | jack | knave", 180.0, 1.968614321458673], ["gewinnen", "win | gain | earn | profit | produce", 156.0, 1.9581856675967053], ["gestern", "yesterday", 211.0, 1.9574896506537487], ["geben", "give | be | pour | add | put | ease off", 177.1, 1.9545199783638], ["schlecht", "bad | evil | shoddy | nasty | poor | sick", 136.3, 1.9531859458897995], ["Gef\u00fchl", "feeling | sensation | sense | emotion | impression | affection", 137.6, 1.951538705791469], ["Abend", "evening | night | eve | eventide", 173.5, 1.9484182298305464], ["unterschiedlich", "different | differing | differential | discriminative | unequal | variable", 107.6, 1.9469913950974853], ["Schnuller", "pacifier | dummy | binky | soother | comforter | nipple", 146.0, 1.9385579898053271], ["da", "there | since | because | as | here | for", 118.6, 1.9376067666499526], ["\u00f6sterreichisch", "Austrian", 161.0, 1.9329202525673779], ["Periodensystem", "periodic table", 152.5, 1.9317370237643514], ["haben", "have | have got | feel | contain | must | stand on ceremony", 173.5, 1.9311106085156902], ["fest", "fixed | firm | solid | permanent | hard | stable", 120.0, 1.9302985887489077], ["Himmel", "sky | heaven | firmament | space | headliner", 203.8, 1.9287673514744028], ["Leiter", "ladder | conductor | director | head | leader", 161.0, 1.9241272385213584], ["K\u00f6nig", "king | King", 220.0, 1.9205775521122794], ["selten", "seldom | rarely | rare | sometimes", 181.0, 1.9191507173792182], ["Kirche", "church | kirk", 210.0, 1.917039465985583], ["abnehmen", "decrease | remove | amputate | confiscate | receive | steal", 110.0, 1.9105201072865552], ["Wort", "word | expression | saying | term", 183.5, 1.9086640621053377], ["Fu\u00dfweg", "footpath | sidewalk | trail | trackway | pavement | footway", 107.0, 1.9016458912638576], ["Herz", "heart | hearts", 210.0, 1.8998826483417008], ["Hund", "dog | hound | scoundrel | Hund | constellation Canis | constellation Dog", 221.1, 1.8974697896061175], ["Buch", "book | script | volume | ledger", 201.0, 1.8963445622150044], ["Bauch", "belly | stomach | tummy | paunch | womb | gut", 173.1, 1.8932240862540817], ["schlafen", "sleep | stay at someones place | stay over night | stay the night", 211.0, 1.888978382902046], ["l\u00fcften", "air | lift | raise | reveal | disclose | take", 111.0, 1.8819602120605665], ["See", "lake | sea", 202.5, 1.8807421824103923], ["Gang", "corridor | aisle | course | gait | gear | gang", 114.1, 1.8793269479597137], ["Gl\u00fchw\u00fcrmchen", "glow-worm | firefly | lightning bug", 122.5, 1.879094942312061], ["veraltet", "obsolete | dated", 125.6, 1.8780393166152434], ["ruhig", "quiet | still | silent", 130.3, 1.8737820129808251], ["Handy", "mobile | cell phone | mobile phone | cellular | handphone | cellphone", 129.2, 1.8728771909549815], ["Fluss", "river | flow | fluency | flux", 182.0, 1.8689446952272764], ["Leuchtk\u00e4fer", "firefly | lightning bug | glow-worm", 113.5, 1.8676106627532758], ["Frieden", "peace", 168.6, 1.8625761401992227], ["Gurke", "cucumber | gherkin", 191.0, 1.8541659354718296], ["Kurdisch", "Kurdish", 164.0, 1.8521706869020202], ["Synagoge", "synagogue | synagog | shul | temple", 170.0, 1.8521706869020202], ["alt", "old | aged", 172.5, 1.8521590866196378], ["Seite", "side | page | aspect | flank | hip | party", 166.5, 1.849108212353011], ["Moldau", "Vltava | Moldova", 130.0, 1.8410808169442439], ["nackt", "naked | nude | bare | mere | bald", 154.5, 1.8393871757163827], ["Apfel", "apple | apple tree", 201.0, 1.8370671192398602], ["Holocaust", "Holocaust | holocaust", 112.5, 1.8370671192398602], ["Bank", "bank | 